{"schemaVersion":"1.0","appDefinitionTemplate":{"id":"/providers/Microsoft.PowerApps/apps/","type":"Microsoft.PowerApps/apps","tags":{"minimumRequiredApiVersion":"2.2.0"},"properties":{"appVersion":"2019-09-24T08:01:58Z","lifeCycleId":"Published","createdByClientVersion":{"major":3,"minor":19092,"build":12,"revision":0,"majorRevision":0,"minorRevision":0},"minClientVersion":{"major":3,"minor":19092,"build":12,"revision":0,"majorRevision":0,"minorRevision":0},"backgroundColor":"rgba(0, 176, 240, 1)","backgroundImageUri":"/8590095825132550699/N7cb67021-92c2-4044-b73a-006aea1a8817-logoSmallFile","displayName":"App","description":"","commitMessage":"","appUris":{"documentUri":{"value":"/8590095825132550699/Nf7b52b77-f614-439e-9a45-0cd22abe36e7-document.msapp","readonlyValue":"/8590095825132550699/Nf7b52b77-f614-439e-9a45-0cd22abe36e7-document.msapp"},"imageUris":[]},"createdTime":"0001-01-01T00:00:00Z","lastModifiedTime":"0001-01-01T00:00:00Z","sharedGroupsCount":0,"sharedUsersCount":0,"icons":{"smallIconUri":"/8590095825132550699/Ne6ef0145-f561-405c-940e-d59f5022190e-small.png","mediumIconUri":"/8590095825132550699/N1d6a8ff6-3107-4624-abef-9eee27393f7c-medium.png","largeIconUri":"/8590095825132550699/N6339ee6a-a3ea-45ef-a03b-2c5c0bf8845c-large.png","wideIconUri":"/8590095825132550699/Nd51f9a7b-04cf-4a7d-b64e-8b49e6bb100b-wide.png"},"connectionReferences":{},"databaseReferences":{},"almMode":"Environment"},"appComponents":[]}}